{
    "omp-cuda": {},
    "cuda-omp": {
        "keogh-omp": 76.40472483634949,
        "mixbench-omp": 7.358494758605957
    }
}